"0",""
"0","# we need to make the tidyverse available with the library function:"
"0",""
"0","library(tidyverse)"
"0",""
"0","# load the dataset to a variable"
"0","teamAntarcticaData<-read_csv(""teamAntarcticaData.csv"")"
"2","[1mRows: [22m[34m75[39m [1mColumns: [22m[34m12[39m"
"2","[36m──[39m [1mColumn specification[22m [36m─────────────────────────────────────────────────[39m
[1mDelimiter:[22m "",""
[31mchr[39m (7): Timestamp, school, swim, animals, parkaColor, teamFlag, dist...
[32mdbl[39m (5): fishing, cold, remote, bedsideManner, cooking"
"2","
[36mℹ[39m Use `spec()` to retrieve the full column specification for this data.
[36mℹ[39m Specify the column types or set `show_col_types = FALSE` to quiet this message."
"0","# view it"
"0","teamAntarcticaData"
